0.8,-144,-107,197,-8240,-1616,432,575,-427,790,0
0.82,-72,-8,231,-8320,-1776,-256,285,-32,927,0
0.84,128,29,262,-8144,-1440,-432,-514,118,1048,0
0.86,213,23,273,-8288,-1232,-448,-855,93,1094,0
0.88,237,12,278,-8224,-1472,-928,-949,49,1114,0
0.9,305,-36,212,-7872,-336,-992,-1221,-143,848,0
0.92,143,-31,126,-8048,-16,-560,-572,-124,506,0
0.94,69,-35,2,-8144,-945,-992,-279,-140,9,0
0.96,138,-80,7,-8080,-1088,-656,-554,-320,31,0
0.98,137,-106,-52,-8048,-560,-752,-548,-423,-205,0
1,172,-98,-89,-8336,-1504,-368,-690,-392,-353,0
1.02,276,-100,-88,-8144,-1072,-320,-1106,-398,-352,0
1.04,326,-67,-65,-8592,-1872,-416,-1304,-267,-259,0
1.06,464,-125,-26,-8544,-1440,-1072,-1856,-499,-104,0
1.08,424,-205,-78,-8768,208,-1648,-1696,-818,-312,0
1.1,358,-363,-219,-9216,112,-2112,-1432,-1450,-873,0
1.12,483,-528,-398,-9552,-1776,-1312,-1935,1986,-1589,0
1.14,569,-680,-574,-10193,95,-1281,1817,1378,1801,0
1.16,473,-775,-820,-11184,-784,-1712,-1892,996,816,0
1.18,683,-809,-1065,-14176,-896,-3200,1362,861,-162,0
1.2,1256,-989,-1632,-15072,4032,-4416,-929,141,1664,0
1.22,1319,-1105,-2038,-16336,3808,-4640,-1183,-324,41,0
1.24,1208,-1064,-2031,-10096,4704,-3728,-739,-158,69,0
1.26,325,-433,-1479,-7504,5120,-3920,-1302,-1731,-1818,0
1.28,-99,-82,-587,-5008,10656,-1392,395,-325,1750,0
1.3,-1093,573,205,-4928,6208,-4784,274,-1802,823,0
1.32,-450,920,963,-5392,3376,-2560,1800,-415,-243,0
1.34,561,1017,1662,-6016,1776,-1504,1849,-27,-1543,0
1.36,1292,1067,2193,-6336,1568,320,-1075,174,581,0
1.38,1309,1103,2448,-7441,1503,2960,-1142,319,1602,0
1.4,432,1184,2545,-8929,1263,4272,-1729,640,1987,0
1.42,-620,1122,2578,-9360,16,4144,-1616,393,-1974,0
1.44,-1235,968,2533,-9120,-1728,2608,843,-222,1941,0
1.46,-1499,908,2419,-8368,-5200,1280,1897,-461,1485,0
1.48,-676,747,2242,-8416,-6208,800,-1393,-1105,779,0
1.5,291,648,1942,-7760,-7280,576,-1165,-1503,-421,0
1.52,525,630,1594,-8432,-7216,3120,1993,-1574,-1815,0
1.54,-66,504,1099,-9184,-5504,3088,262,2019,303,0
1.56,-938,289,500,-8368,-7088,2080,-344,1156,2001,0
1.58,-1076,40,-16,-7920,-8448,1136,208,161,-63,0
1.6,-821,-63,-470,-8224,-8912,576,-813,-250,-1878,0
1.62,-390,-36,-766,-7808,-7696,624,1559,-143,1032,0
1.64,-1165,164,-1699,-10241,-15360,911,560,657,1396,0
1.66,493,-962,-96,-30769,16560,3183,-1974,247,-381,0
1.68,-1374,-692,-2779,6048,3392,3072,1397,1328,1173,0
1.7,-1424,306,-408,-7968,-12752,-1296,1598,1224,-1631,0
1.72,-441,-293,-380,-9776,1520,544,1763,-1169,-1518,0
1.74,-544,-180,-195,-6592,-592,-64,-1921,-720,-779,0
1.76,-71,-88,-295,-10032,624,-912,283,-350,-1178,0
1.78,99,-25,-356,-8608,1056,-1552,-397,-98,-1422,0
1.8,-218,-35,-315,-8128,-144,-784,870,-137,-1260,0
1.82,-452,-23,-212,-8448,-784,-992,1808,-90,-847,0
1.84,114,-122,-211,-8128,-512,-1264,-458,-487,-841,0
1.86,193,-93,-190,-8256,0,-240,-773,-372,-759,0
1.88,115,-20,-259,-8112,560,-33,-463,-79,-1035,0
1.9,-3,38,-330,-8161,623,-1105,11,155,-1318,0
1.92,187,13,-371,-8256,-464,-1344,-750,54,-1482,0
1.94,362,-38,-413,-8192,176,-1312,-1450,-151,-1652,0
1.96,384,-29,-523,-8336,736,-1056,-1538,-114,2007,0
1.98,396,-73,-579,-8592,144,-1280,-1585,-289,1782,0
2,151,-200,-665,-8400,560,-1184,-607,-798,1437,0
2.02,55,-268,-822,-8736,-384,-1312,-221,-1070,810,0
2.04,97,-328,-1030,-9088,752,-1296,-391,-1309,-24,0
2.06,255,-401,-1289,-10080,-384,-912,-1022,-1604,-1059,0
2.08,506,-536,-1579,-12048,-256,-1152,-2027,1954,1878,0
2.1,1014,-743,-2022,-13936,2224,-1536,38,1127,105,0
2.12,935,-788,-2654,-15168,3392,-736,354,944,1672,0
2.14,1088,-845,-3056,-17616,3632,-384,-258,719,66,0
2.16,1397,-1082,-3258,-24592,9136,-2640,-1494,-232,-743,0
2.18,1470,-1351,-3149,-19872,13056,-8400,-1785,-1308,-306,0
2.2,1154,-1002,-3119,-16496,-3360,-6400,-520,91,-187,0
2.22,2331,-641,-2489,-10592,-3920,-3968,-1134,1533,-1763,0
2.24,2256,-502,-1219,-3424,-976,224,-835,-2008,-777,0
2.26,2297,-277,-1099,-6224,-2576,-1536,-997,-1108,-299,0
2.28,1895,153,506,4063,9887,-112,611,614,2023,0
2.3,226,890,961,1071,4383,1503,-905,-536,-249,0
2.32,-774,1180,1543,1360,2480,272,-1000,624,-2020,0
2.34,-1429,1437,2250,1472,3536,-560,1618,1652,810,0
2.36,-1337,1356,2937,-576,3824,528,1252,1328,-537,0
2.38,-910,1277,3340,-2208,1936,976,-457,1015,1075,0
2.4,-782,1247,3792,-3632,-1008,1616,-968,892,-1213,0
2.42,-359,1191,4033,-6144,-4304,1728,1435,671,-250,0
2.44,431,1133,4016,-6416,-5440,176,-1726,436,-318,0
2.46,643,1172,3896,-8080,-6544,944,1523,593,-799,0
2.48,165,1405,3448,-11760,-5808,2176,-661,1524,1506,0
2.5,-443,1562,2790,-14560,-9376,2640,1769,-1943,-1125,0
2.52,-1092,1358,2035,-15696,-12240,2480,270,1338,-52,0
2.54,-1152,915,933,-14320,-16320,1568,511,-433,-363,0
2.56,-301,463,93,-11136,-15504,-880,1204,1852,374,0
2.58,-144,-1452,-979,-28176,-23472,26656,573,-1712,180,0
2.6,2639,-1085,-1796,-13040,28448,368,1732,-241,1008,0
2.62,-1933,525,-1493,1744,-14800,-1408,-462,-1996,-1875,0
2.64,-1545,158,-1468,-11936,896,-2048,-2014,634,-1775,0
2.66,408,-137,-971,-7632,-5264,-3328,-1632,-545,213,0
2.68,879,-263,-680,-7952,1056,1008,577,-1049,1377,0
2.7,-372,-67,-645,-10528,-864,-1088,1485,-266,1516,0
2.72,-367,-99,-458,-7856,-1216,-1152,1468,-394,-1831,0
2.74,452,-231,-242,-8416,-2928,-800,-1810,-924,-967,0
2.76,143,-100,-224,-7985,1087,-353,-576,-400,-895,0
2.78,-244,-108,-171,-8256,-1569,-1041,974,-429,-681,0
2.8,-15,-171,-105,-8000,-1184,-880,56,-684,-420,0
2.82,-55,-174,-159,-8016,-224,-864,218,-696,-636,0
2.84,-166,-153,-289,-8160,-416,-448,664,-610,-1155,0
2.86,-128,-184,-385,-8272,-112,272,510,-734,-1537,0
2.88,-254,-174,-527,-8560,-144,-784,1014,-695,1990,0
2.9,-309,-198,-665,-8592,-752,-1376,1236,-789,1439,0
2.92,-26,-255,-736,-9408,-1472,-1248,101,-1017,1153,0
2.94,131,-359,-904,-9568,-192,-1616,-524,-1436,481,0
2.96,261,-501,-1131,-10560,144,-1248,-1046,-2002,-426,0
2.98,561,-640,-1404,-12272,-80,-992,1850,1538,-1519,0
3,734,-738,-1777,-13344,992,112,1160,1144,1087,0
3.02,778,-890,-2332,-14160,3808,176,981,536,-1135,0
3.04,743,-1000,-2881,-16784,5952,-800,1124,97,765,0
3.06,1094,-1133,-3309,-21008,8016,-3536,-280,-433,-948,0
3.08,837,-1677,-3068,-25104,11824,-6608,748,1485,16,0
3.1,900,-1610,-3331,-19040,-3488,-7088,494,1755,-1033,0
3.12,1825,-1045,-2895,-12240,-4000,-5920,892,-81,710,0
3.14,2466,-1095,-1470,-7344,-720,-2080,-1675,-282,-1782,0
3.16,2578,-806,-1071,-6064,-3344,-2240,1975,872,-185,0
3.18,2256,-374,107,1568,5456,192,-833,-1496,428,0
3.2,804,232,593,192,2208,1104,880,929,-1721,0
3.22,-329,517,1111,1392,1872,992,1316,-2025,350,0
3.24,-1427,1020,1750,1200,2000,288,1609,-14,-1192,0
3.26,-2073,1233,2247,527,-225,-225,99,838,799,0
3.28,-1665,1195,2716,-257,-512,-176,-1534,685,-1423,0
3.3,-1100,1198,3064,-785,927,-32,302,699,-29,0
3.32,-543,1318,3261,-1937,-1009,208,-1927,1179,758,0
3.34,63,1298,3587,-3504,-2160,912,-253,1099,-2034,0
3.36,58,1448,3628,-4576,-3328,480,-235,1699,-1871,0
3.38,43,1540,3711,-6224,-5872,720,-175,-2029,-1540,0
3.4,224,1463,3599,-8288,-5904,1072,-897,1756,-1987,0
3.42,-518,1611,3270,-11904,-7040,2672,-2025,-1747,792,0
3.44,-1746,1772,2764,-15008,-11120,2736,-1209,-1101,-1230,0
3.46,-1545,1585,2086,-14144,-15024,576,-2013,-1851,155,0
3.48,-76,1113,1461,-14784,-17984,1344,301,358,1751,0
3.5,1170,487,812,-11456,-13024,3328,-586,1949,-845,0
3.52,613,249,278,-13776,-4784,-4192,1644,996,1115,0
3.54,-918,-1710,-1413,-32768,16,18160,-426,1354,-1553,0
3.56,-2068,-202,-2281,10016,6976,-1648,77,-808,-929,0
3.58,-661,210,-2072,-6768,-5216,736,-1452,843,-93,0
3.6,-1711,-42,-1114,-11120,-3536,-3424,-1349,-167,-360,0
3.62,407,-367,-741,-7920,-3200,-48,-1631,-1465,1133,0
3.64,501,-275,-340,-9280,-912,-1280,-2007,-1100,-1359,0
3.66,-61,-91,-324,-8848,1344,208,244,-364,-1296,0
3.68,-555,46,-216,-8400,-1088,-320,-1877,186,-861,0
3.7,-252,14,-81,-8608,-1856,-1440,1005,57,-324,0
3.72,595,-145,48,-8288,-1584,-1696,1713,-579,192,0
3.74,663,-161,-36,-7792,1344,112,1441,-641,-142,0
3.76,162,-38,-280,-8288,1903,-721,-651,-149,-1118,0
3.78,99,-126,-514,-8544,1183,-2369,-398,-503,2042,0
3.8,242,-255,-713,-7889,527,-2416,-970,-1019,1245,0
3.82,165,-329,-836,-8353,96,-656,-663,-1314,755,0
3.84,-104,-242,-924,-9312,-288,-272,415,-968,400,0
3.86,-17,-281,-1018,-9584,-944,-880,65,-1122,26,0
3.88,208,-375,-1154,-9840,-688,-1936,-835,-1497,-518,0
3.9,522,-511,-1367,-11440,-304,-2176,2008,-2041,-1370,0
3.92,1004,-754,-1677,-12912,720,-1440,80,1081,1485,0
3.94,836,-1005,-2146,-13456,2960,-240,749,79,-389,0
3.96,645,-1145,-2668,-14512,3264,-304,1514,-484,1619,0
3.98,726,-1299,-3022,-19072,4864,640,1192,-1098,203,0
4,1257,-1694,-3128,-23360,10848,-3888,-932,1419,-224,0
4.02,707,-1948,-3015,-18192,8783,-8192,1265,402,229,0
4.04,435,-1616,-3376,-15760,-5488,-9200,-1740,1729,-1215,0
4.06,1595,-1188,-2778,-11808,-4160,-4816,1809,-655,1176,0
4.08,1564,-1081,-1536,-4752,-3136,-2192,1933,-228,-2048,0
4.1,2213,-783,-688,-5184,-80,-3376,-661,964,1347,0
4.12,1834,-239,416,2240,5776,-1184,853,-956,1666,0
4.14,519,400,852,32,1968,-48,2020,1600,-687,0
4.16,-408,852,1479,992,2992,-80,1631,-687,1822,0
4.18,-1134,1256,2032,320,2400,-432,440,928,-61,0
4.2,-1298,1525,2531,-768,1536,-1952,1095,2004,1935,0
4.22,-1038,1632,3020,-1872,1376,-320,55,-1663,-208,0
4.24,-691,1639,3336,-3072,-2352,-64,-1334,-1636,1058,0
4.26,-353,1735,3617,-3984,-720,704,1410,-1250,-1913,0
4.28,-63,1922,3713,-5568,-3632,1088,249,-502,-1529,0
4.3,266,1967,3862,-6880,-4176,368,-1067,-321,-934,0
4.32,23,1988,3867,-8720,-6016,2512,-93,-238,-915,0
4.34,-587,2107,3501,-11616,-9328,2048,-1751,236,1719,0
4.36,-827,2030,3172,-16272,-13504,1696,-790,-71,402,0
4.38,36,1574,2432,-16224,-16608,2848,-147,-1894,1538,0
4.4,1218,880,1477,-16240,-17632,2864,-776,-574,1815,0
4.42,1322,326,540,-9632,-6592,1840,-1195,1307,-1936,0
4.44,468,-1017,-258,-21425,1200,10320,174,30,1017,0
4.46,-876,-855,-1467,-26000,19744,5776,-592,678,-1771,0
4.48,-1834,19,-2599,1472,-7984,2224,-858,79,1892,0
4.5,-1513,107,-2052,-6496,-4352,-3424,1954,429,-15,0
4.52,-444,-627,-1120,-10768,-7232,927,1775,1590,-383,0
4.54,792,-587,-903,-9008,0,-1584,925,1751,487,0
4.56,297,-329,-623,-8145,-592,-32,-1189,-1314,1607,0
4.58,-305,-78,-424,-8784,-400,-880,1219,-310,-1695,0
4.6,-131,-70,-220,-8624,-2352,-1041,523,-280,-877,0
4.62,387,-230,-55,-8224,-1552,-1376,-1551,-918,-218,0
4.64,590,-259,2,-8272,-320,-1120,1733,-1033,9,0
4.66,403,-235,-74,-8080,864,-560,-1612,-938,-294,0
4.68,147,-174,-144,-7536,368,-1088,-589,-693,-575,0
4.7,259,-285,-229,-8352,-320,-1280,-1037,-1139,-913,0
4.72,234,-297,-359,-7936,352,-1440,-938,-1186,-1434,0
4.74,43,-366,-513,-8592,592,-1120,-175,-1464,2045,0
4.76,33,-395,-634,-8704,-193,-390,-133,-1580,1562,0
4.78,98,-438,-783,-8896,-160,-560,-394,-1750,966,0
4.8,86,-548,-956,-9584,-192,-2448,-347,1906,273,0
4.82,415,-709,-1198,-10672,-256,-2384,-1660,1260,-694,0
4.84,873,-874,-1509,-13056,48,-384,601,600,-1937,0
4.86,950,-1030,-1872,-15280,2368,-176,294,-21,705,0
4.88,828,-1248,-2308,-15472,3088,-176,783,-894,-1040,0
4.9,916,-1455,-2687,-17344,6400,-1328,429,-1724,1542,0
4.92,1050,-1696,-2938,-20176,8352,-3776,-105,1411,539,0
4.94,659,-1975,-2569,-20432,10496,-8384,1457,295,2015,0
4.96,418,-1677,-2754,-13696,-6528,-7728,-1672,1485,1273,0
4.98,1024,-1398,-2296,-9776,-3544,-4232,-1,-1493,-991,0
5,1071,-857,-1507,-1472,-2560,-4896,-188,669,-1930,0
5.02,1307,-723,-329,-3808,5248,-3440,-1135,1205,-1314,0
5.04,344,87,499,608,3248,-2576,-1379,349,1999,0
5.06,-532,450,1083,-624,1583,-1569,-1969,1802,236,0
5.08,-1045,925,1668,0,1792,-2128,82,-395,-1518,0
5.1,-1126,1280,2223,-993,1295,-1968,405,1027,701,0
5.12,-1005,1471,2662,-2048,-64,-1120,-79,1788,-1638,0
5.14,-844,1481,3066,-3104,-592,-432,-723,1829,-23,0
5.16,-404,1549,3311,-3936,-3040,-48,1613,-1996,959,0
5.18,106,1696,3388,-4816,-2624,736,-426,-1405,1266,0
5.2,530,1790,3392,-6336,-2608,2032,1973,-1031,1283,0
5.22,-258,1947,3428,-9008,-2272,3232,1032,-404,1424,0
5.24,-1224,1881,3231,-9760,-5488,3152,800,-667,636,0
5.26,-1323,1629,3048,-12368,-9712,2464,1194,-1676,-93,0
5.28,-960,1283,2706,-14112,-12288,2592,-256,1037,-1462,0
5.3,-656,1075,2073,-14256,-13856,1728,-1473,206,101,0
5.32,-48,842,1254,-13248,-13056,1648,191,-725,922,0
5.34,502,576,583,-10352,-10944,3664,-2010,-1792,-1764,0
5.36,-367,-859,-262,-17184,2160,18944,1465,661,-1046,0
5.38,-1718,-884,-1772,-32240,5904,4912,-1321,563,1106,0
5.4,-2278,435,-2264,5264,-5456,1088,918,1740,-861,0
5.42,-1157,321,-1816,-8304,-3904,-3664,530,1285,929,0
5.44,-805,-484,-969,-8336,-4272,-1616,-876,-1934,222,0
5.46,564,-606,-607,-9104,-880,-1168,1839,1675,1670,0
5.48,20,-333,-419,-8640,400,-480,-83,-1329,-1676,0
5.5,-508,-45,-388,-8592,800,656,2031,-179,-1550,0
5.52,-860,71,-218,-8848,-1745,-1041,-659,284,-869,0
5.54,200,-156,-69,-7936,-2560,-2416,-801,-624,-275,0
5.56,815,-227,-15,-8208,80,-1328,835,-908,-58,0
5.58,445,-122,-174,-7664,3040,-160,-1782,-487,-694,0
5.6,-72,-13,-349,-7857,1311,-1425,286,-51,-1395,0
5.62,225,-127,-498,-8096,0,-2208,-901,-505,-1991,0
5.64,71,-214,-606,-7840,512,-1536,-287,-854,1674,0
5.66,-57,-302,-764,-8560,-48,-1008,226,-1205,1042,0
5.68,115,-337,-918,-8768,896,-784,-463,-1347,427,0
5.7,170,-377,-1137,-9376,-112,-1392,-682,-1505,-449,0
5.72,453,-493,-1336,-9872,-784,-1984,-1812,-1969,-1247,0
5.74,804,-612,-1551,-10336,-736,-2528,877,1649,1988,0
5.76,1339,-808,-1977,-12976,416,-1280,-1261,866,285,0
5.78,1224,-905,-2439,-14112,2704,304,-800,477,-1563,0
5.8,820,-1007,-2955,-14784,2784,1296,814,71,471,0
5.82,619,-1432,-3273,-23088,8192,-1248,1617,-1630,-803,0
5.84,859,-1889,-3204,-24240,6432,-6944,660,638,-525,0
5.86,1001,-1332,-2938,-12112,2320,-8272,91,-1230,539,0
5.88,1909,-1003,-2379,-9920,-6256,-3344,553,87,-1323,0
5.9,2326,-659,-1669,-5142,133,-1238,250,97,-1215,0
5.92,2929,-58,-333,-320,7824,-1184,569,-232,-1332,0
5.94,2361,530,525,-496,6048,-1280,-1252,-1973,-1993,0
5.96,966,1357,1097,-400,5536,1104,231,1333,293,0
5.98,-198,1817,1704,-1120,5216,1008,791,-923,-1374,0
6,-840,2028,2238,-2688,2752,720,-738,-77,762,0
6.02,-794,2029,2823,-4561,655,784,-924,-74,-994,0
6.04,-348,1816,3155,-5872,-2256,752,1389,-925,334,0
6.06,676,1772,3271,-6816,-5393,1711,1389,-1102,798,0
6.08,1722,1795,3221,-6448,-4384,592,1304,-1010,599,0
6.1,1252,1981,3152,-9057,-4033,4608,-914,-267,321,0
6.12,138,2001,2694,-9984,-5728,4544,-552,-186,-1509,0
6.14,-458,1698,2474,-10881,-9537,4000,1828,-1398,1704,0
6.16,-135,1221,2230,-11360,-9696,4272,539,788,729,0
6.18,239,848,1816,-10656,-10224,2528,-958,-701,-925,0
6.2,709,565,1378,-11248,-9664,2368,1259,-1833,1419,0
6.22,1027,446,874,-10352,-8112,2560,-15,1784,-599,0
6.24,988,207,408,-9648,-5664,4224,143,828,1634,0
6.26,-1029,-231,-19,-11280,-208,9008,20,-921,-74,0
6.28,-885,-700,-581,-20156,-629,7235,-560,275,-275,0
6.3,-1131,-273,-1410,-9588,-4445,1003,424,-65,505,0
6.32,-1022,-217,-1536,-8016,-5872,-1696,-9,-868,-2048,0
6.34,-834,-358,-1279,-8656,-2880,-4736,-761,-1432,-1020,0
6.36,755,-719,-890,-8672,-3264,-448,1073,1223,538,0
6.38,397,-517,-544,-9280,-192,368,-1589,2028,1922,0
6.4,-219,-250,-396,-8224,176,736,873,-999,-1583,0
6.42,-707,-16,-282,-8720,-848,-208,-1270,-64,-1127,0
6.44,-88,-168,-132,-8192,-2832,-2304,349,-669,-526,0
6.46,587,-304,-4,-8304,-1312,-1888,1747,-1216,-14,0
6.48,613,-286,-41,-7856,912,-512,1641,-1144,-163,0
6.5,203,-160,-116,-8048,640,-512,-812,-637,-462,0
6.52,280,-146,-223,-8240,-192,-1649,-1124,-582,-891,0
6.54,379,-252,-304,-8016,400,-2016,-1518,-1006,-1214,0
6.56,127,-355,-434,-8145,575,-1664,-509,-1418,-1733,0
6.58,-26,-395,-549,-8608,64,-1376,102,-1579,1903,0
6.6,102,-455,-650,-9025,-225,-129,-411,-1817,1499,0
6.62,193,-503,-800,-9440,-176,-832,-775,-2011,899,0
6.64,376,-650,-953,-10113,-1024,-1424,-1507,1497,286,0
6.66,737,-769,-1171,-11265,-854,-1190,-219,1021,-588,0
6.68,889,-917,-1427,-12608,138,-635,537,431,-246,0
6.7,834,-1092,-1720,-14144,1952,240,760,-272,1315,0
6.72,700,-1193,-2184,-14571,3423,-891,1295,-675,-544,0
6.74,645,-1273,-2562,-15808,4784,-2080,1515,-996,2041,0
6.76,882,-1463,-2838,-17792,6784,-4688,567,-1756,939,0
6.78,580,-1657,-2563,-17408,7296,-6432,1773,1567,2038,0
6.8,879,-1358,-2596,-14352,-5904,-5968,578,-1335,1905,0
6.82,2111,-998,-2204,-9008,-5344,-3152,-255,104,-623,0
6.84,1380,-606,-1457,-1664,-3728,-2608,-1427,1674,-1730,0
6.86,1656,-345,-739,-3904,-112,-3083,201,-1377,-224,0
6.88,1088,-37,146,-512,3632,-1984,-256,-147,584,0
6.9,-46,420,576,-1376,1856,288,183,1683,-1790,0
6.92,-791,769,1100,-1302,2389,314,1797,-1017,-1058,0
6.94,-1407,1135,1615,-1568,2048,-144,1529,447,-1732,0
6.96,-1522,1365,2156,-1424,1008,-816,1990,1366,433,0
6.98,-1511,1521,2590,-2400,880,-272,1948,1990,-1926,0
7,-1154,1510,2927,-3712,-1488,368,517,1944,-578,0
7.02,-620,1519,3283,-4497,-785,-16,-1616,1979,844,0
7.04,-248,1587,3515,-6272,-2080,784,992,-1844,1775,0
7.06,289,1723,3563,-7681,-4240,1168,-1159,-1297,1964,0
7.08,195,1752,3567,-9616,-4448,2960,-781,-1182,1982,0
7.1,-585,1709,3302,-12113,-5905,4304,-1757,-1354,923,0
7.12,-1282,1626,2921,-15536,-11280,3504,1029,-1688,-602,0
7.14,-982,1264,2342,-14657,-13313,2384,-172,962,1177,0
7.16,-67,572,1570,-14896,-13088,2704,265,-1805,-1910,0
7.18,594,186,655,-13280,-12336,2768,1718,744,-1475,0
7.2,-503,-527,-567,-16304,-10816,12640,2009,1988,1828,0
7.22,-189,-725,-866,-16096,21968,2368,755,1196,634,0
7.24,-1061,348,-1746,-3232,-9872,-208,147,1394,1209,0
7.26,-1044,252,-1439,-5846,-4987,-3398,77,1010,-291,0
7.28,-844,-384,-904,-10032,-5728,-4288,-721,-1533,483,0
7.3,645,-757,-717,-8608,432,-1232,1515,1069,1230,0
7.32,237,-534,-631,-8944,512,-288,-949,1962,1575,0
7.34,-555,-215,-636,-8288,192,1072,-1876,-860,1552,0
7.36,-860,-129,-528,-8560,-1200,-992,-656,-514,1987,0
7.38,-173,-321,-341,-8416,-1888,-1920,692,-1283,-1361,0
7.4,187,-409,-281,-8256,-224,96,-749,-1634,-1122,0
7.42,-19,-301,-331,-8352,272,-208,76,-1201,-1324,0
7.44,-168,-150,-411,-8240,1216,-1344,672,-597,-1641,0
7.46,135,-262,-537,-8240,416,-2304,-540,-1046,1950,0
7.48,346,-294,-584,-8384,-352,-1072,-1385,-1175,1761,0
7.5,199,-305,-625,-8352,-832,128,-798,-1220,1599,0
7.52,398,-415,-689,-9281,-736,-81,-1595,-1658,1341,0
7.54,519,-481,-786,-9520,-240,-720,2018,-1921,955,0
7.56,518,-518,-931,-9777,351,-1089,2021,2026,372,0
7.58,604,-587,-1007,-11536,-1520,-896,1677,1749,71,0
7.6,929,-846,-1158,-12656,1024,159,377,714,-534,0
7.62,769,-1057,-1528,-12432,3248,640,1018,-130,-2014,0
7.64,187,-1255,-2103,-12785,3856,-225,-750,-921,-219,0
7.66,38,-1402,-2511,-16832,6048,-1120,-153,-1509,-1851,0
7.68,522,-1724,-2594,-17995,7178,-5451,638,-67,549,0
7.7,1020,-1963,-2417,-14064,8912,-9120,13,342,-1475,0
7.72,-108,-1740,-2610,-13680,-5072,-5584,432,1232,1848,0
7.74,406,-1307,-2381,-10560,-4752,-3456,-1627,-1129,-1330,0
7.76,-208,-1124,-1700,-5040,-4752,-2816,829,-400,1394,0
7.78,12,-1140,210,-4080,12752,-4288,-49,-462,842,0
7.8,-1249,-384,759,-1000,6152,-3328,-1149,514,-1060,0
7.82,-2177,122,1501,-2032,1648,-1952,516,491,1910,0
7.84,-2219,235,2385,-1104,3536,-2144,683,943,1348,0
7.86,-2154,475,3014,-2288,1728,-2464,423,1900,-231,0
7.88,-1825,526,3545,-3184,-464,-2480,-892,-1991,1895,0
7.9,-1726,605,3925,-4464,-1440,-1264,-1289,-1675,-682,0
7.92,-1831,651,4169,-6288,-3680,288,-870,-1490,292,0
7.94,-1693,747,4223,-7760,-4848,-544,-1422,-1108,510,0
7.96,-1543,820,4219,-10000,-8464,-1376,-2023,-815,493,0
7.98,-1493,895,3764,-11872,-12416,816,1874,-515,-1326,0
8,-1470,995,3179,-13568,-15408,64,1782,-113,429,0
8.02,-1081,854,2143,-12457,-17372,-160,1248,-680,-1667,0
8.04,-453,635,1067,-9944,-17717,-1121,787,-1556,-1874,0
8.06,550,450,223,-11168,-13376,-1856,1896,1803,893,0
8.08,-1135,-790,-2122,-32768,-19376,13936,443,939,-296,0
8.1,925,-225,-2431,2368,23792,1376,393,-900,-1532,0
8.12,-1765,830,-2007,-6817,-16096,-2945,-1134,-775,165,0
8.14,-90,-402,-1116,-8000,-1120,-5248,358,-1607,-365,0
8.16,684,-217,-862,-9904,-704,-448,1359,-868,648,0
8.18,-408,44,-824,-9744,336,2832,1629,176,802,0
8.2,-586,64,-605,-8240,-2000,-880,-1754,258,1678,0
8.22,105,-60,-354,-8672,-1984,-1296,-421,-239,-1413,0
8.24,209,-68,-247,-8480,-736,-800,-836,-272,-987,0
8.26,63,-71,-208,-8176,-416,272,-252,-284,-830,0
8.28,-110,-66,-212,-8480,-560,-368,439,-262,-845,0
8.3,-86,-96,-206,-8272,-1008,-480,342,-383,-824,0
8.32,-9,-84,-183,-8160,-1104,-400,34,-334,-730,0
8.34,72,-96,-211,-7920,-880,-1136,-290,-383,-844,0
8.36,286,-165,-303,-8896,-288,-1248,-1147,-658,-1209,0
8.38,398,-194,-503,-9008,384,-832,-1595,-775,-2010,0
8.4,268,-275,-807,-9862,704,-694,-1073,-1099,-497,0
8.42,278,-402,-1087,-11104,1248,-176,-1114,-1607,-250,0
8.44,178,-555,-1465,-11456,2080,912,-714,1878,-1761,0
8.46,62,-892,-1885,-14112,1936,544,-249,529,654,0
8.48,93,-1301,-2405,-16528,4608,1520,-375,-1105,-1425,0
8.5,254,-1814,-2951,-18336,7456,1408,-1017,937,487,0
8.52,42,-2083,-3048,-18976,11456,-2592,-169,-139,98,0
8.54,-1601,-2226,-2992,-18273,7407,-4769,-1790,-709,322,0
8.56,-2437,-1996,-2367,-12736,-3888,-6800,1555,209,-1275,0
8.58,-1549,-2217,-1551,-5824,-2272,-2416,-1998,-676,1991,0
8.6,-400,-1954,-242,-736,-160,-4272,1597,378,-965,0
8.62,1277,-2319,1087,-1792,575,-2689,-1016,-1081,252,0
8.64,483,-1930,2054,-1136,1456,-1888,-1934,475,25,0
8.66,-884,-1447,2643,-1008,1200,-464,-562,-1689,-1715,0
8.68,-2104,-1173,3140,-3520,1296,-1248,221,-595,272,0
8.7,-3674,-666,3252,-2785,191,-4641,-1690,1431,721,0
8.72,-4088,-492,3394,-4544,-2219,-6198,-34,-1967,1290,0
8.74,-3801,-452,3536,-6464,-5024,-6976,-1180,-1807,1858,0
8.76,-2827,-507,3542,-7344,-6640,-5952,-981,-2027,1881,0
8.78,-2165,-227,3360,-7153,-7009,-4710,465,-908,1152,0
8.8,-1621,163,3184,-6576,-5280,-5072,-1709,653,449,0
8.82,-1904,699,2941,-7856,-7280,-5008,-579,-1299,-523,0
8.84,-2358,1155,2661,-10160,-8064,-3296,1240,525,-1642,0
8.86,-2015,1294,2298,-11152,-11424,-2592,-132,1080,1000,0
8.88,-563,1012,1928,-11952,-14096,-3200,-1844,-46,-479,0
8.9,336,621,1358,-11280,-11632,-1136,-1347,-1609,1339,0
8.92,306,793,618,-10448,-9264,-480,-1227,-923,-1624,0
8.94,-413,1017,-147,-10064,-9840,-3840,1649,-26,-587,0
8.96,754,98,-842,-10960,-11600,9472,1080,394,730,0
8.98,734,-342,-372,-13840,16544,5216,1159,-1367,-1488,0
9,-1233,455,-862,-10896,4352,2496,835,1821,651,0
9.02,-1868,512,-755,-7696,-4208,-2448,-722,-2045,1078,0
9.04,-67,130,-344,-6017,-8736,-3568,267,523,-1375,0
9.06,790,-121,-142,-8880,3296,-432,936,-481,-566,0
9.08,-327,-50,-196,-9312,1552,1968,1307,-199,-782,0
9.1,-712,58,-229,-8896,-656,-624,-1248,234,-915,0
9.12,-64,-115,-202,-8304,-1456,-992,252,-459,-807,0
9.14,107,-187,-214,-8256,640,208,-428,-747,-853,0
9.16,-115,-179,-283,-8080,464,336,459,-713,-1132,0
9.18,-160,-261,-415,-9056,144,-928,638,-1044,-1659,0
9.2,41,-428,-603,-9312,432,-448,-165,-1709,1684,0
9.22,-89,-622,-889,-9152,2624,176,353,1609,543,0
9.24,-593,-829,-1236,-11152,2416,-96,-1724,783,-847,0
9.26,-476,-1097,-1573,-15328,3200,1168,1901,-290,1901,0
9.28,-755,-1398,-2032,-16544,5088,256,-1076,-1496,65,0
9.3,-1598,-1696,-2243,-18112,7456,336,-1802,1409,-780,0
9.32,-1937,-1794,-1981,-10336,6000,-1680,-447,1017,269,0
9.34,-2711,-1550,-1527,-4480,1696,3328,-1446,1995,-2012,0
9.36,-3770,-1443,-792,-5360,1136,3952,-1304,-1673,930,0
9.38,-3892,-1175,344,-1040,11792,-2944,-817,-602,1378,0
9.4,-3606,-751,1268,-592,4320,-5744,-1961,1094,978,0
9.42,-2539,-749,2372,-2384,2912,-3888,1964,1102,1298,0
9.44,-1839,-623,3083,-3552,1952,-2288,-837,1607,44,0
9.46,-2049,-479,3591,-5440,2704,-3024,4,-1916,-2020,0
9.48,-3011,-129,3906,-8880,32,-4528,-244,-515,-757,0
9.5,-3770,17,3929,-12880,-2832,-6272,-1307,68,-666,0
9.52,-3838,409,3075,-18592,-17648,-7632,-1033,1638,14,0
9.54,-1454,838,1246,-13393,-32321,-6224,1719,-743,891,0
9.56,722,482,-951,-14304,-32752,2512,1205,1929,292,0
9.58,3320,-26,-282,3216,23824,-432,-993,-103,-1126,0
9.6,-715,375,-335,-15696,-6976,2096,-1237,1503,-1340,0
9.62,-601,374,-370,-11488,47,16,-1692,1498,-1479,0
9.64,14,274,-87,-8592,-944,1776,-58,1096,-347,0
9.66,-67,156,-11,-10720,-384,-2064,268,626,-41,0
9.68,144,79,59,-7296,-928,784,-577,316,239,0
9.7,22,37,148,-9313,-272,399,-89,150,592,0
9.72,-156,-18,44,-11904,1248,-1536,622,-70,178,0
9.74,-159,-197,-164,-7888,1600,-1152,635,-785,-654,0
9.76,-388,-408,-692,-10224,5168,3952,1551,-1631,1330,0
9.78,-1468,-637,-1177,-14299,5381,-614,409,186,-612,0
9.8,-1692,-802,-1573,-9616,4304,-3552,-1426,888,1902,0
9.82,-2244,-560,-657,2272,-80,4192,781,1857,1468,0
9.84,-2344,-291,926,5248,9024,-1312,1181,-1164,-389,0
9.86,-2537,68,1778,-6368,-1984,-4064,1953,272,-1080,0
9.88,-1944,500,1860,-10288,-5616,-8512,-419,2002,-749,1
9.9,-597,532,926,-16528,-23072,576,-1711,-1968,-391,1
9.92,2214,-874,-295,-7776,2368,3072,-666,602,-1179,1
9.94,-472,478,432,-11392,-3568,1776,1887,1913,1728,1
9.96,-433,301,152,-7467,-3771,154,1728,1206,609,1
9.98,-113,125,48,-9536,-3024,-1680,452,501,192,1
10,-59,37,103,-9232,-512,-2032,233,150,415,1
10.02,91,-46,100,-8424,-616,-48,-365,-184,400,1
10.04,21,-89,64,-8555,-224,303,-85,-354,258,1
10.06,-28,-135,25,-8928,576,-880,109,-537,102,1
10.08,-112,-212,-156,-9376,784,-1840,445,-846,-623,1
10.1,106,-341,-447,-8896,1104,-432,-425,-1362,-1787,1
10.12,-89,-329,-737,-8769,1903,-112,353,-1314,1149,1
10.14,-41,-336,-756,-9632,-1664,912,164,-1343,1075,1
10.16,321,-516,-811,-11296,688,1232,-1287,2034,852,1
10.18,155,-612,-958,-12304,1440,-496,-621,1651,266,1
10.2,60,-832,-1170,-12369,2240,-944,-241,769,-583,1
10.22,-403,-974,-1359,-12320,2368,-816,1611,202,-1337,1
10.24,-649,-1020,-1386,-9616,1936,-1408,-1501,18,-1448,1
10.26,-1259,-851,-1234,-7744,-2272,1120,939,695,-839,1
10.28,-1495,-842,-837,-5296,3008,2096,1881,728,751,1
10.3,-3538,-191,-156,-928,8160,-2944,1863,-763,-621,1
10.32,-3625,262,846,32,3728,-6736,-1884,1050,-712,1
10.34,-2099,321,2021,-1856,1632,-4672,201,1287,-106,1
10.36,-642,283,2549,-4560,-288,-2848,-1528,1134,2006,1
10.38,-158,323,2909,-7056,-2160,-3072,629,1294,-649,1
10.4,-781,819,2880,-8448,-2016,-112,-974,-819,-766,1
10.42,-2261,1482,2227,-11616,-14768,-3696,852,1834,716,1
10.44,-49,359,1730,-15216,-19904,1984,195,1438,-1270,1
10.46,1194,133,447,-10800,-20064,2416,-682,532,1789,1
10.48,2192,-667,-242,-8816,-304,8528,-577,1430,-966,1
10.5,273,48,305,-8128,8480,7632,-1093,193,1221,1
10.52,-771,80,-272,-17120,1392,-2768,-1013,320,-1085,1
10.54,-76,171,-280,-5585,-4225,-1856,301,686,-1118,1
10.56,830,-193,-245,-10592,944,-864,776,-772,-979,1
10.58,-4,-309,-257,-9840,1488,-3136,13,-1236,-1027,1
10.6,-456,-412,-565,-8784,2768,1920,1823,-1646,1837,1
10.62,-927,-458,-716,-12177,1120,1295,-389,-1831,1234,1
10.64,-706,-547,-1231,-9632,4544,-3104,-1273,1910,-825,1
10.66,-612,-365,-1022,-6272,-1488,-1104,-1650,-1459,9,1
10.68,20,-204,-159,96,4720,-2288,-81,-813,-635,1
10.7,-670,288,859,-3105,3327,-3937,-1417,1153,-658,1
10.72,-295,720,1518,-6688,-880,-6128,1179,-1214,1979,1
10.74,749,1067,1677,-8848,-2672,-4480,1097,172,-1483,1
10.76,627,944,1030,-12576,-6400,4240,1586,-319,25,1
10.78,119,-14,-167,-12912,-13856,13152,-479,-54,-668,1
10.8,373,-225,-265,-3280,6032,4096,-1494,-897,-1057,1
10.82,-704,208,-196,-10896,-1568,-4368,-1283,832,-782,1
10.84,-98,-197,-351,-8576,-80,-3568,392,-788,-1402,1
10.86,110,-64,-173,-8144,-2288,816,-442,-254,-689,1
10.88,-209,17,-84,-8864,128,1632,834,69,-335,0
10.9,-243,156,-42,-8128,-1072,32,972,626,-166,0
10.92,30,151,20,-8880,-1744,-1392,-123,605,83,0
10.94,353,111,37,-8512,-176,-480,-1415,447,151,0
10.96,384,105,37,-8400,432,-800,-1539,423,150,0
10.98,181,99,127,-8448,-1440,-1008,-725,397,509,0
11,278,-32,180,-8096,-768,-816,-1112,-126,722,0
11.02,262,-107,153,-7936,480,-720,-1051,-425,615,0
11.04,52,-85,82,-8209,-17,-624,-210,-337,328,0
11.06,87,-98,4,-8128,-128,-880,-348,-392,17,0
11.08,81,-140,-114,-8352,352,-800,-324,-558,-456,0
11.1,-53,-163,-252,-8272,256,-992,209,-651,-1006,0
11.12,-18,-222,-348,-8225,-128,-193,71,-888,-1390,0
11.14,-120,-242,-433,-8496,-400,-928,478,-966,-1731,0
11.16,-186,-314,-549,-8352,336,-1600,741,-1256,1902,0
11.18,-92,-455,-693,-8368,0,-800,365,-1819,1324,0
11.2,-322,-511,-792,-9553,-369,399,1287,-2043,930,0
11.22,-184,-648,-865,-9600,-1712,-1664,733,1506,638,0
11.24,225,-786,-1017,-9968,-128,-2336,-903,953,31,0
11.26,515,-928,-1338,-12832,16,-2288,2033,387,-1254,0
11.28,646,-1166,-1710,-19984,2368,-1024,1509,-568,1352,0
11.3,1113,-1408,-2131,-16385,3375,-1313,-358,-1534,-331,0
11.32,1464,-1638,-2348,-16032,4832,-3440,-1760,1641,-1197,0
11.34,1167,-1618,-2126,-13824,3344,-4656,-573,1720,-311,0
11.36,532,-1106,-1715,-9232,96,-3360,1966,-327,1335,0
11.38,-47,-487,-1409,-4177,-5952,-465,186,-1947,-1538,0
11.4,572,-505,-416,-2992,5216,0,1806,-2020,-1663,0
11.42,-853,127,33,-48,4320,-2400,-685,508,132,0
11.44,-1055,638,531,-1280,1408,-2064,124,-1541,-1969,0
11.46,-934,818,1129,-1680,528,-1281,-364,-822,420,0
11.48,-628,959,1670,-2496,128,-944,-1587,-260,-1509,0
11.5,-375,1027,2081,-3184,240,528,1498,15,134,0
11.52,-534,1178,2360,-4208,-1264,800,-1963,617,1250,0
11.54,-686,1307,2656,-5024,-2080,-16,-1353,1133,-1663,0
11.56,-587,1385,2827,-6576,-3264,576,-1748,1444,-980,0
11.58,-420,1431,2835,-8640,-5456,1312,1679,1631,-948,0
11.6,-623,1359,2739,-10512,-7296,2128,-1607,1340,-1329,0
11.62,-595,1190,2424,-11920,-9872,2064,-1718,667,1506,0
11.64,-242,914,1920,-13632,-12688,2064,966,-440,-510,0
11.66,40,680,1112,-12944,-17280,912,-162,-1374,352,0
11.68,1053,-58,412,-9312,-9552,5840,-116,-230,1649,0
11.7,528,-307,-7,-8512,-5824,6672,1981,-1225,-27,0
11.72,214,-556,1,-17776,11728,3232,-857,1872,7,0
11.74,-997,-86,-802,-11312,5728,1456,-110,-341,888,0
11.76,-702,3,-887,-4800,-1504,-896,-1288,14,549,0
11.78,-917,-1,-413,-8704,-4272,-2736,-430,-4,-1651,0
11.8,340,-402,-242,-7697,-1569,-1345,-1361,-1606,-966,0
11.82,484,-383,-187,-9376,272,-448,-1938,-1529,-747,0
11.84,176,-293,-253,-8720,1552,224,-705,-1172,-1012,0
11.86,-321,-121,-284,-8560,80,-304,1281,-481,-1135,0
11.88,-245,-129,-231,-8129,-720,-1296,979,-513,-924,0
11.9,206,-315,-111,-8256,-1472,-1312,-826,-1258,-443,0
11.92,183,-303,-131,-8192,320,-800,-734,-1211,-523,0
11.94,15,-250,-253,-7920,1904,-336,-63,-999,-1012,0
11.96,-60,-249,-369,-8337,-144,-736,239,-995,-1476,0
11.98,64,-360,-406,-8192,-1264,-1008,-257,-1438,-1624,0
12,229,-421,-487,-8528,1200,-656,-918,-1683,-1945,0
12.02,131,-434,-615,-9200,96,-304,-524,-1733,1638,0
12.04,239,-514,-753,-8608,-640,-784,-959,2042,1087,0
12.06,373,-583,-849,-9312,-736,-1104,-1495,1767,700,0
12.08,663,-663,-998,-9184,-784,-1216,1442,1445,104,0
12.1,970,-780,-1271,-11392,464,-688,213,978,-985,0
12.12,825,-938,-1638,-14832,1904,-112,796,344,1642,0
12.14,579,-1180,-2063,-18464,3104,-1632,1777,-621,-57,0
12.16,681,-1392,-2521,-16512,5072,-2352,1369,-1469,-1892,0
12.18,987,-1710,-2475,-19184,5152,-5200,148,1353,-1706,0
12.2,837,-1368,-2266,-12256,3152,-5792,748,-1375,-871,0
12.22,532,-830,-1880,-9056,-3232,-1520,1966,778,672,0
12.24,571,-477,-1368,-5472,-5968,-1792,1810,-1907,-1376,0
12.26,887,-349,-646,-3440,4560,-1632,545,-1393,1515,0
12.28,-234,465,-24,272,3632,-2512,934,1863,-94,0
12.3,-656,811,507,-1120,704,-2112,-1476,-851,2030,0
12.32,-848,1100,1142,-944,944,-1696,-704,304,474,0
12.34,-773,1313,1672,-1792,192,-1024,-1007,1159,-1502,0
12.36,-499,1364,2130,-3184,-608,112,1994,1363,328,0
12.38,-58,1346,2432,-4240,-2016,415,230,1291,1537,0
12.4,401,1324,2574,-5168,-3552,1504,-1604,1202,-1992,0
12.42,455,1464,2482,-6000,-3456,1632,-1821,1763,1737,0
12.44,467,1512,2370,-7024,-4496,1776,-1868,1952,1291,0
12.46,338,1597,2269,-8160,-4849,2303,-1354,-1801,887,0
12.48,-30,1598,1990,-9376,-4656,3312,120,-1798,-232,0
12.5,-189,1461,1708,-10512,-7504,2976,756,1750,-1358,0
12.52,-89,1213,1476,-11152,-10768,2304,355,759,1809,0
12.54,592,799,1104,-11568,-11072,2592,1727,-899,323,0
12.56,1180,458,732,-10880,-8464,2848,-627,1833,-1165,0
12.58,716,452,605,-8144,-1936,128,1231,1811,-1675,0
12.6,-314,-48,-205,-12768,-2048,11840,1256,-189,-817,0
12.62,-282,-938,-249,-32768,16496,1376,1128,346,-996,0
12.64,-1520,61,-1044,5616,-48,-288,1983,246,-78,0
12.66,-622,114,-880,-10080,-4448,-160,-1609,459,579,0
12.68,-216,-181,-469,-6960,-5936,-4672,863,-721,-1873,0
12.7,1287,-619,-105,-7856,-784,-2016,-1055,1621,-418,0
12.72,538,-510,-193,-9272,1240,-1464,-104,9,-772,0
12.74,-158,-352,-353,-8096,864,-1184,631,-1408,-1412,0
12.76,-393,-196,-382,-8784,-240,-672,1571,-783,-1527,0
12.78,-40,-316,-294,-8224,-2112,-1632,158,-1261,-1173,0
12.8,388,-399,-124,-8224,-1441,-721,-1553,-1596,-495,0
12.82,304,-321,-88,-8512,-32,-64,-1216,-1284,-349,0
12.84,62,-208,-157,-8368,-32,-720,-248,-831,-628,0
12.86,127,-231,-217,-7648,-336,-1616,-509,-921,-867,0
12.88,265,-314,-235,-8464,-209,-1632,-1063,-1256,-939,0
12.9,177,-335,-305,-8192,-96,-1392,-711,-1340,-1220,0
12.92,116,-389,-355,-8448,-256,-1312,-467,-1553,-1419,0
12.94,176,-432,-447,-8672,112,-448,-705,-1728,-1785,0
12.96,190,-476,-576,-9264,-161,-816,-763,-1901,1791,0
12.98,378,-563,-776,-9232,-256,-1136,-1514,1844,992,0
13,200,-776,-1001,-10576,-64,-1600,-802,992,92,0
13.02,564,-976,-1080,-11664,-1648,-912,1840,195,-224,0
13.04,803,-1083,-1337,-12896,1808,-720,881,-235,-1249,0
13.06,654,-1302,-1690,-13168,2656,128,1478,-1109,1433,0
13.08,365,-1464,-2178,-13920,3776,-1008,-1460,-1757,-520,0
13.1,364,-1649,-2530,-17552,5536,-2720,-1459,1596,-1928,0
13.12,469,-1993,-2531,-18912,5568,-6944,-1878,223,-1931,0
13.14,445,-1862,-2203,-12880,4848,-8160,-1782,744,-618,0
13.16,315,-1436,-2135,-11104,-6352,-4480,-1263,-1648,-347,0
13.18,606,-1367,-2059,-7584,-1712,-1392,1670,-1371,-44,0
13.2,322,-727,-1304,-4112,-4576,-752,-1288,1191,-1118,0
13.22,622,-437,-195,-1952,5104,-4128,1607,-1748,-778,0
13.24,-149,205,394,288,3072,-1904,594,820,1577,0
13.26,-589,645,953,-416,1376,-896,-1742,-1515,-282,0
13.28,-852,1048,1509,-496,1856,-1344,-691,98,1941,0
13.3,-1010,1410,2087,-1264,416,-1696,-57,1544,157,0
13.32,-797,1595,2568,-2480,-624,-752,-911,-1810,-2013,0
13.34,-617,1737,2933,-3600,-896,0,-1629,-1241,-554,0
13.36,-301,1888,3106,-4528,-3776,512,1203,-637,136,0
13.38,642,1833,3212,-6800,-3841,2911,1524,-857,561,0
13.4,606,1879,3308,-7664,-1872,3840,1671,-675,945,0
13.42,-402,1715,3448,-10944,-3808,5744,1608,-1331,1505,0
13.44,-1469,1481,3064,-12208,-7984,4240,1779,1831,-31,0
13.46,-1486,1132,2701,-13648,-11472,2608,1846,434,-1484,0
13.48,-1018,898,2197,-12816,-13504,992,-25,-503,598,0
13.5,-33,736,1526,-11696,-11824,-144,131,-1150,2008,0
13.52,441,520,839,-13088,-8944,2224,-1764,-2013,-737,0
13.54,-324,-1310,-1177,-30096,-10976,11984,1293,-1141,-610,0
13.56,529,-937,-1204,-5136,15856,240,1977,348,-718,0
13.58,-982,261,-1660,-6400,-8400,2032,-169,1045,1552,0
13.6,-1169,444,-1260,-8544,-2800,-2768,577,1779,-944,0
13.62,-231,-466,-661,-7376,-3968,-2992,923,-1861,1454,0
13.64,764,-664,-471,-9520,1216,-1312,1039,1441,-1881,0
13.66,-103,-294,-529,-9360,496,96,412,-1174,1980,0
13.68,-506,-98,-520,-8368,256,880,2021,-392,2017,0
13.7,-311,-70,-354,-8432,-2240,-1680,1243,-279,-1414,0
13.72,454,-254,-142,-8032,-1248,-1440,-1817,-1016,-565,0
13.74,292,-224,-172,-8096,688,-144,-1171,-896,-688,0
13.76,-17,-149,-319,-8304,896,-464,66,-594,-1274,0
13.78,-47,-179,-428,-8160,-176,-1328,187,-716,-1712,0
13.8,50,-260,-517,-7905,31,-1920,-204,-1040,2028,0
13.82,-45,-304,-560,-8672,-112,-1104,177,-1215,1859,0
13.84,-51,-343,-602,-9104,-672,-480,203,-1371,1688,0
13.86,59,-383,-679,-9200,-832,-320,-239,-1531,1382,0
13.88,192,-520,-786,-9329,-65,-544,-771,2018,953,0
13.9,321,-578,-912,-9936,-80,-1168,-1286,1785,450,0
13.92,566,-705,-1033,-11504,-624,-784,1832,1277,-34,0
13.94,720,-882,-1271,-12112,608,-736,1214,569,-985,0
13.96,792,-1093,-1658,-12416,1935,-1024,926,-273,1562,0
13.98,727,-1297,-2086,-13920,3232,-864,1186,-1091,-151,0
14,548,-1427,-2432,-17712,5376,-2976,1904,-1611,-1535,0
14.02,903,-1675,-2621,-18816,4976,-5024,482,1494,1806,0
14.04,1596,-1689,-2243,-12944,6080,-7360,1806,1438,-779,0
14.06,818,-1239,-2322,-13136,-4288,-4512,822,-859,-1094,0
14.08,1402,-984,-1857,-7840,-1568,-1856,-1513,162,764,0
14.1,599,-171,-1449,-832,-6272,-2704,1700,-684,-1698,0
14.12,1482,-575,-285,-5872,4784,-4000,-1832,1799,-1139,0
14.14,354,292,474,1712,7440,-2960,-1417,1169,1899,0
14.16,-250,977,818,-1568,1584,-672,997,-187,-821,0
14.18,-387,1274,1398,-1248,1456,-1744,1545,1003,1497,0
14.2,-498,1632,2004,-1360,1600,-1888,1990,-1663,-175,0
14.22,-425,1902,2521,-2848,-656,-1328,1697,-584,1892,0
14.24,-13,1967,2957,-4496,-1216,-1328,51,-321,-458,0
14.26,232,2075,3079,-5456,-2928,1072,-929,110,31,0
14.28,118,2130,3076,-7984,-2560,3072,-472,328,17,0
14.3,-554,2185,2978,-8320,-3552,1968,-1881,549,-376,0
14.32,-981,2101,3034,-10448,-7136,2528,-174,215,-149,0
14.34,-962,1910,2739,-12000,-9168,2992,-249,-551,-1330,0
14.36,-411,1599,2410,-12336,-11232,3632,1643,-1795,1448,0
14.38,395,1136,1889,-12976,-12320,4095,-1583,450,-634,0
14.4,826,757,1304,-13416,-10592,2648,792,-1066,-927,0
14.42,489,-42,665,-10288,-6912,5328,-1958,-166,-1435,0
14.44,-259,-1731,-743,-29808,3744,13232,1036,1271,1127,0
14.46,-986,-981,-1318,-5025,5696,1488,-156,172,-1173,0
14.48,-1052,-57,-1810,-3888,-2624,1360,112,-227,954,0
14.5,-1312,513,-1361,-7728,-5792,-2064,1150,-2041,-1346,0
14.52,-82,-747,-421,-9472,-4048,-2048,326,1109,-1681,0
14.54,1338,-799,-528,-8128,1008,-2976,-1258,900,1987,0
14.56,290,-679,-444,-9344,944,-593,-1160,1382,-1776,0
14.58,-367,-442,-546,-8608,-48,224,1465,-1767,1913,0
14.6,-530,-256,-412,-8096,-1648,672,-1977,-1021,-1647,0
14.62,-69,-250,-250,-8464,-2032,-961,275,-1000,-1000,0
14.64,405,-362,-132,-8176,-832,-1056,-1620,-1448,-525,0
14.66,293,-337,-177,-8352,816,-624,-1174,-1348,-708,0
14.68,-11,-287,-294,-8240,-16,-496,41,-1146,-1173,0
14.7,-15,-302,-365,-8336,-768,-784,57,-1208,-1458,0
14.72,112,-450,-445,-8544,223,-1329,-451,-1798,-1777,0
14.74,-50,-503,-547,-8576,-32,-416,198,-2009,1908,0
14.76,-6,-580,-661,-8688,-1104,-32,23,1779,1455,0
14.78,91,-682,-735,-9505,-193,-705,-365,1370,1159,0
14.8,210,-747,-835,-10032,-1136,-1184,-843,1109,757,0
14.82,686,-872,-964,-11184,-576,-720,1351,610,240,0
14.84,866,-1054,-1198,-12160,720,-544,629,-119,-696,0
14.86,944,-1288,-1610,-12896,1696,-832,318,-1053,1753,0
14.88,709,-1513,-2067,-14352,3343,-784,1259,-1956,-73,0
14.9,357,-1721,-2489,-18720,6047,-2704,-1428,1311,-1763,0
14.92,546,-2097,-2612,-21760,6448,-6400,1911,-196,1843,0
14.94,784,-1940,-2358,-12128,4832,-10048,959,434,-1237,0
14.96,485,-1397,-2384,-12352,-7440,-3728,-1941,-1492,-1344,0
14.98,933,-1118,-2185,-8240,-3168,-2048,361,-376,-545,0
15,1437,-858,-1216,-6928,-278,-2251,1078,666,597,0
15.02,1123,-379,-258,-880,5360,-3232,-396,-1513,-1032,0
15.04,-82,353,45,-560,1568,-1408,327,1413,183,0
15.06,-709,735,376,-865,-976,-880,-1262,-1156,1506,0
15.08,-1076,1146,1012,-752,800,-1232,207,491,-48,0
15.1,-1225,1396,1505,-1056,48,-1264,804,1490,1927,0
15.12,-980,1559,1935,-1657,-576,-832,-180,93,-452,0
15.14,-704,1683,2321,-2272,-176,-384,-1281,-1459,1095,0
15.16,-583,1794,2660,-3152,-944,-32,-1765,-1016,-1645,0
15.18,-357,1948,3012,-4096,-1568,-544,1425,-398,-240,0
15.2,418,1983,3315,-6176,-2080,240,-1673,-259,973,0
15.22,1078,2113,3361,-7744,-2816,2111,-220,260,1159,0
15.24,811,2217,3261,-9888,-2048,4000,850,677,757,0
15.26,-1030,2376,3057,-12560,-4256,4416,21,1312,-57,0
15.28,-2109,2251,2734,-15041,-8433,4272,242,814,-1352,0
15.3,-1407,1747,2316,-16384,-12912,4528,1530,-1201,1072,0
15.32,188,815,1604,-16470,-14107,4736,610,531,-411,0
15.34,1331,-70,705,-15584,-11248,4896,-1230,-277,-1273,0
15.36,-331,-1142,-775,-14208,-9424,13696,1322,-470,999,0
15.38,61,-1408,-919,-15835,10010,6896,-244,-168,-945,0
15.4,-1783,-504,-2026,-3505,-2160,624,-1062,-2013,89,0
15.42,-1280,65,-1688,-6640,-6000,-224,1022,260,1440,0
15.44,-558,-547,-1000,-9584,-5920,-5360,-1867,1910,99,0
15.46,1471,-1066,-594,-8064,368,112,-1791,-166,1723,0
15.48,381,-500,-610,-9424,1344,272,-1525,-1998,1657,0
15.5,-359,-276,-629,-8656,-56,-24,-613,-1104,1581,0
15.52,-532,-151,-515,-8288,-1728,-208,-1970,-601,2039,0
15.54,294,-301,-209,-8200,-2073,-1312,-1179,-1202,-833,0
15.56,499,-372,-93,-8512,111,-801,-2000,-1488,-372,0
15.58,269,-331,-130,-8240,544,-560,-1078,-1324,-519,0
15.6,89,-296,-235,-8296,-200,-952,-356,-1182,-939,0
15.62,424,-427,-305,-8336,-320,-1137,-1699,-1708,-1217,0
15.64,433,-454,-375,-8096,320,-1328,-1733,-1813,-1500,0
15.66,165,-478,-548,-8744,448,-480,-664,-1912,1905,0
15.68,84,-579,-591,-8880,-1696,-224,-338,1783,1734,0
15.7,213,-677,-603,-8784,-1024,-544,-855,1391,1685,0
15.72,402,-847,-692,-9384,-361,-672,-1610,709,1328,0
15.74,490,-915,-798,-9910,-209,-1008,-598,436,906,0
15.76,585,-1003,-948,-10784,48,-1040,1754,85,304,0
15.78,546,-1243,-1377,-12737,908,-817,1089,-55,-593,0
15.8,447,-1390,-1700,-14081,2054,-1073,-152,994,-246,0
15.82,348,-1537,-2023,-15424,3200,-1328,-1393,2044,102,0
15.84,350,-1850,-2362,-19544,5008,-4208,-1403,792,-1255,0
15.86,1159,-2112,-2208,-14832,5600,-9408,-543,-254,-639,0
15.88,1116,-1836,-2213,-11009,4256,-10480,-372,848,-658,0
15.9,516,-1242,-2196,-11417,-5033,-3025,-20,-871,-589,0
15.92,482,-637,-1809,-5488,-7616,-2896,-1931,1551,959,0
15.94,1432,-550,-1297,-7376,-4944,-3968,-1635,1897,-1089,0
15.96,272,190,-4,416,8871,-4664,959,760,-16,0
15.98,-931,1135,343,-2352,224,-2512,-372,445,1373,0
16,-967,1306,731,-1424,416,-3184,-229,1130,-1171,0
16.02,-1113,1746,1612,-1544,1520,-3265,355,-1205,306,0
16.04,-597,2001,2348,-3232,-288,-1936,-1709,-185,1202,0
16.06,-326,2037,2593,-3888,-304,-1088,1304,-44,-1914,0
16.08,-5,2184,3006,-5048,-1232,-489,16,544,-261,0
16.1,465,2307,3186,-6960,-2208,1712,-1861,1037,456,0
16.12,569,2359,3191,-7936,-1808,2000,1820,1247,479,0
16.14,-381,2565,3297,-10273,-2577,3080,-526,20,901,0
16.16,-1515,2475,3155,-13024,-5808,4528,1963,1709,332,0
16.18,-1529,2329,3018,-14240,-8352,4880,2018,1125,-215,0
16.2,-380,1664,2622,-15945,-13184,5784,-531,514,251,0
16.22,733,734,1655,-14768,-13328,6512,1161,-1158,-1569,0
16.24,955,412,1177,-13312,-12032,7248,275,1651,614,0
16.26,84,-368,90,-10481,-7945,10167,1709,575,362,0
16.28,-501,-1411,-866,-18848,12560,3984,2003,-1547,635,0
16.3,101,-1268,-227,-18288,26336,5392,-406,-976,-906,0
16.32,-940,-383,-1979,-8537,-7888,688,-338,-1529,278,0
16.34,-1262,-246,-1355,-7824,-4768,-3488,950,-983,-1321,0
16.36,-851,-784,-1205,-10032,-9792,-2304,-693,962,-723,0
16.38,223,-816,-677,-8176,-641,-352,-896,833,1388,0
16.4,158,-631,-493,-9232,32,-288,-635,1573,-1971,0
16.42,30,-486,-480,-8624,208,-32,-122,-1943,-1918,0
16.44,-228,-269,-364,-8280,-392,-88,911,-1074,-1453,0
16.46,192,-287,-236,-8240,-1840,-1600,-768,-1148,-941,0
16.48,494,-333,-183,-7968,-944,-1056,-1977,-1330,-730,0
16.5,277,-289,-249,-8182,335,-950,-1109,-1155,-994,0
16.52,-14,-257,-395,-8384,-416,-1440,53,-1027,-1577,0
16.54,94,-325,-414,-7728,-848,-1488,-379,-1298,-1655,0
16.56,168,-375,-487,-8288,-145,-785,-674,-1498,101,0
16.58,98,-402,-555,-8438,-155,-784,-394,-1608,1876,0
16.6,12,-440,-638,-8672,-496,-848,-49,-1759,1546,0
16.62,52,-424,-652,-8825,-1336,56,-210,-1694,1488,0
16.64,144,-549,-705,-9376,-1056,-336,-576,1901,1276,0
16.66,199,-663,-755,-9312,-832,-272,-799,1446,1076,0
16.68,460,-796,-789,-10816,-1352,-1297,204,915,941,0
16.7,848,-941,-859,-12208,-416,-144,704,332,661,0
16.72,939,-1018,-966,-12112,-112,-368,338,26,235,0
16.74,974,-1277,-1360,-12073,1832,-873,197,-1010,-1344,0
16.76,678,-1482,-1905,-14016,3983,-1696,1380,-1831,572,0
16.78,576,-1561,-2059,-14672,4224,-2432,1789,1950,-41,0
16.8,679,-1952,-2193,-17752,5864,-5129,1376,385,-579,0
16.82,428,-1930,-2184,-13168,2544,-8912,-1715,474,-541,0
16.84,55,-1688,-2312,-12720,-2608,-5456,-222,1443,-1055,0
16.86,-123,-1308,-2105,-9393,-2873,-2720,489,-1134,-227,0
16.88,551,-871,-1323,-6624,-6784,-1760,1891,614,-1194,0
16.9,876,-856,-1093,-9120,-928,-4240,592,672,-273,0
16.92,-475,-161,241,95,5527,-4040,-151,-642,965,0
16.94,-1116,566,785,-1872,-160,-1601,367,-1829,-955,0
16.96,-1065,804,1102,-1568,16,-2448,162,-879,314,0
16.98,-1119,1241,1851,-1096,151,-2912,378,870,-785,0
17,-1002,1590,2480,-2672,32,-1008,-89,-1832,1728,0
17.02,-949,1687,2701,-3408,208,-752,-300,-1443,-1482,0
17.04,-1273,1864,3063,-4736,-1864,-544,994,-734,-36,0
17.06,-865,2091,3430,-6416,-4512,-800,-638,174,1435,0
17.08,-102,2116,3478,-7748,-4449,447,-412,274,1624,0
17.1,660,2141,3525,-9079,-4384,1696,-186,374,1813,0
17.12,360,2306,3433,-11456,-4576,2720,-1440,1032,1446,0
17.14,-4,2267,3318,-12576,-5504,3392,16,879,986,0
17.16,-170,1988,2826,-15152,-12072,4792,679,-237,-982,0
17.18,994,1098,2154,-14992,-13936,5760,118,297,425,0
17.2,1367,731,1752,-14000,-13168,5024,-1372,-1170,-1181,0
17.22,1013,-374,360,-11897,-11985,10471,43,553,-606,0
17.24,921,-2017,-279,-22016,24704,8015,408,124,-1114,0
17.26,-783,-818,-453,-17537,25039,3920,-967,826,-1810,0
17.28,-950,-263,-2009,-6121,-1208,535,-298,-1051,157,0
17.3,-1518,429,-1516,-6336,-6496,-5328,1974,1719,-1967,0
17.32,-1383,-241,-1080,-9920,-10688,-7536,1436,-961,-222,0
17.34,659,-1095,-612,-7568,1528,-1096,1457,-282,1650,0
17.36,72,-879,-641,-9328,816,688,-291,581,1532,0
17.38,-234,-708,-689,-9008,1072,1392,934,1264,1342,0
17.4,-761,-271,-726,-8104,-152,248,-1055,-1084,1192,0
17.42,-81,-439,-484,-8176,-2912,-1280,323,-1755,-1933,0
17.44,248,-458,-359,-7937,-1921,-929,-993,-1831,-1434,0
17.46,210,-413,-327,-8384,544,-104,-844,-1649,-1305,0
17.48,-229,-282,-392,-8176,-544,-336,914,-1125,-1565,0
17.5,-168,-304,-375,-8208,-1248,-1088,672,-1215,-1497,0
17.52,179,-417,-347,-8088,-665,-857,-718,-1668,-1388,0
17.54,37,-443,-439,-8400,192,-304,-149,-1772,-1754,0
17.56,-12,-460,-476,-8464,96,-512,46,-1838,-1904,0
17.58,51,-652,-576,-8864,-640,-209,-208,1491,1793,0
17.6,158,-740,-649,-8896,-576,-976,-635,1136,1500,0
17.62,243,-738,-705,-9040,-432,-848,-974,1147,1278,0
17.64,390,-793,-793,-10011,-1702,-806,-1562,926,924,0
17.66,771,-963,-929,-11104,272,144,1009,247,383,0
17.68,796,-977,-1042,-11440,240,400,910,190,-69,0
17.7,793,-1166,-1378,-13115,1093,-859,921,-568,1317,0
17.72,456,-1515,-1985,-16992,3440,-3856,-1824,-1961,252,0
17.74,245,-1607,-2089,-19232,5039,-5169,-983,1764,-161,0
17.76,985,-1926,-2184,-15201,3992,-6232,152,488,-543,0
17.78,881,-1480,-2102,-11168,-1040,-4528,569,-1824,-216,0
17.8,444,-1351,-2055,-10544,-2176,-2112,-1776,-1306,-27,0
17.82,587,-861,-1682,-8648,-4904,-2272,-300,655,-585,0
17.84,351,-303,-627,-1680,5280,-3792,-1407,-1210,1588,0
17.86,-369,47,-515,-1024,4784,-4464,1474,191,2037,0
17.88,-873,774,49,-1857,568,-2048,-607,-997,198,0
17.9,-870,1266,845,-1792,1008,-2384,-616,971,-713,0
17.92,-931,1393,1142,-1888,912,-2304,-373,1479,474,0
17.94,-685,1649,1854,-2992,-240,-865,-1357,-1596,-775,0
17.96,-352,1808,2344,-3840,-208,-160,1407,-957,1184,0
17.98,-357,1884,2500,-4048,-32,464,1427,-654,1810,0
18,-366,2067,2822,-5976,-1504,272,1460,79,-997,0
18.02,-96,2175,3018,-7552,-2016,1040,383,509,-214,0
18.04,76,2226,3043,-8560,-2048,1888,-305,713,-113,0
18.06,109,2234,3107,-11152,-3832,4079,-439,745,140,0
18.08,-16,1846,2996,-13792,-4864,5360,64,-805,-304,0
18.1,-239,1585,2865,-14336,-6288,6208,956,-1850,-825,0
18.12,-355,897,2249,-14184,-10337,6271,1416,-505,806,0
18.14,-252,539,1693,-13192,-11305,5551,1007,108,631,0
18.16,-43,120,891,-10832,-10144,5008,171,482,-531,0
18.18,-652,-6,185,-9033,-8376,2559,556,-21,741,0
18.2,-998,-334,-598,-14592,-11440,2608,-105,-1336,1704,0
18.22,-629,-228,-827,-10317,-7069,-119,57,-909,790,0
18.24,-260,-121,-1056,-6042,-2698,-2845,219,-481,-125,0
18.26,-562,-103,-1078,-6976,-2848,-3441,199,-410,-215,0
18.28,-665,-401,-682,-8448,-2176,-4064,-1439,-1602,1369,0
18.3,375,-805,-550,-7936,-528,-352,-1502,879,1899,0
18.32,166,-677,-522,-9072,-80,-224,-664,1388,2009,0
18.34,-31,-508,-534,-8640,752,160,124,-2031,1962,0
18.36,-444,-263,-478,-8064,688,-144,1776,-1050,-1912,0
18.38,-465,-184,-381,-8480,-2128,-1072,1858,-734,-1521,0
18.4,122,-296,-262,-8464,-1488,-1296,-491,-1182,-1046,0
18.42,347,-343,-210,-8352,240,-720,-1389,-1372,-838,0
18.44,38,-247,-258,-8209,640,-241,-155,-986,-1032,0
18.46,-127,-237,-337,-8192,96,-544,506,-945,-1348,0
18.48,-26,-291,-417,-8160,-32,-1344,101,-1162,-1668,0
18.5,18,-299,-515,-8016,832,-1376,-72,-1196,2039,0
18.52,-22,-320,-577,-8384,-16,-592,85,-1280,1790,0
18.54,-64,-384,-574,-8416,-1536,-704,255,-1533,1800,0
18.56,71,-472,-638,-8726,-785,-742,-287,-522,1546,0
18.58,63,-521,-738,-9024,-400,-912,-254,2013,1147,0
18.6,146,-662,-842,-8649,-1096,-1097,-586,1450,730,0
18.62,238,-686,-910,-9360,-896,-688,-955,1354,459,0
18.64,448,-773,-1055,-10448,-1216,-240,-1795,1007,-122,0
18.66,856,-954,-1315,-12928,1504,192,671,282,-1162,0
18.68,751,-1188,-1794,-15296,2047,-440,1091,-655,1018,0
18.7,528,-1454,-2207,-19152,4032,-2672,1984,-1718,-634,0
18.72,337,-1758,-2480,-20176,5536,-5424,-1351,1163,-1728,0
18.74,673,-1899,-2356,-14784,5744,-7488,1404,599,-1231,0
18.76,551,-1505,-2018,-9233,-176,-3153,1890,-1922,123,0
18.78,221,-1218,-1865,-6992,-5440,1040,-885,-775,733,0
18.8,79,-1021,-1035,-7088,-80,-6144,-319,15,-41,0
18.82,-607,-691,-53,-880,6160,-3152,-1671,1332,-210,0
18.84,-1409,-183,571,-1368,3600,-2328,-508,-730,239,0
18.86,-1823,121,1217,-1952,1712,-1552,-900,486,773,0
18.88,-1880,310,1902,-2000,1120,-1216,-673,1241,-582,0
18.9,-1849,459,2401,-2448,832,-512,-797,1836,1413,0
18.92,-1880,538,2806,-3824,688,-16,-672,-1944,-1062,0
18.94,-2078,593,3160,-4896,-672,464,117,-1721,354,0
18.96,-2172,578,3440,-6272,-1872,576,493,-1782,1475,0
18.98,-2130,530,3592,-7760,-3680,368,328,-1973,-2016,0
19,-1867,434,3660,-9568,-4960,-688,-726,1738,-1744,0
19.02,-1881,364,3634,-11040,-7024,-224,-670,1456,-1848,0
19.04,-1969,334,3377,-12368,-9280,-1472,-316,1336,1221,0
19.06,-2073,330,2886,-13504,-9488,-1792,99,1322,-743,0
19.08,-1804,444,2044,-12192,-12736,-2944,-976,1777,-16,0
19.1,-833,460,1247,-10296,-12936,-3384,1281,1841,-1156,0
19.12,68,472,493,-7824,-11296,-2848,-272,1891,1974,0
19.14,-20,197,-437,-11056,-9488,1456,77,789,-1746,0
19.16,728,-1175,-746,-15904,8640,10128,1182,-604,1114,0
19.18,-140,278,-1340,-10112,240,3808,558,1115,-1262,0
19.2,-1157,645,-1602,-9216,-5840,624,531,-1514,1784,0
19.22,-688,9,-870,-7968,-2096,-2064,-1344,37,617,0
19.24,267,-125,-622,-7328,-1136,-256,-1069,-500,1608,0
19.26,62,-147,-569,-9224,648,471,-251,-586,1821,0
19.28,-266,-75,-452,-9168,720,-128,1062,-297,-1806,0
19.3,-414,-121,-362,-8528,-1168,-624,1653,-482,-1445,0
19.32,-163,-154,-193,-7888,-448,-432,650,-615,-772,0
19.34,191,-209,-96,-8416,-352,416,-767,-835,-382,0
19.36,161,-197,-94,-8304,176,352,-646,-787,-373,0
19.38,-54,-195,-161,-8320,928,-272,213,-780,-643,0
19.4,-122,-283,-305,-8512,688,-672,488,-1129,-1217,0
19.42,-58,-406,-428,-8256,80,-672,232,-1624,-1712,0
19.44,-44,-538,-633,-9216,2080,-1072,175,1945,1564,0
19.46,-329,-628,-861,-8864,1344,-560,1313,1584,653,0
19.48,-404,-744,-1031,-9584,352,544,1614,1122,-28,0
19.5,-247,-866,-1227,-10352,384,240,988,635,-809,0
19.52,-176,-1133,-1347,-16640,3328,272,701,-436,-1289,0
19.54,-530,-1360,-1504,-16672,2576,-960,-1977,-1344,-1920,0
19.56,-617,-1491,-1509,-11424,2656,-960,-1631,-1865,-1938,0
19.58,-1130,-1604,-1339,-8864,3920,96,421,1779,-1259,0
19.6,-2400,-1527,-1117,-7568,208,1488,1408,-2011,-371,0
19.62,-3264,-1479,-652,-6480,1008,1376,765,-1818,1491,0
19.64,-3699,-1273,120,-3872,8480,-768,-1590,-994,482,0
19.66,-4435,-762,691,-2128,4736,-3280,1354,1051,-1331,0
19.68,-4236,-707,1317,-3664,2880,-2217,558,1268,-876,0
19.7,-3696,-717,1891,-4944,1472,-1056,-1602,1231,-627,0
19.72,-3233,-726,2297,-6128,944,-416,641,1195,996,0
19.74,-3084,-803,2517,-6656,128,-800,47,886,1877,0
19.76,-3430,-791,2662,-7808,-649,-841,-619,935,-1638,0
19.78,-4243,-663,2714,-9056,720,-624,585,1445,-1432,0
19.8,-5472,-457,2521,-9761,-443,-2982,38,-460,530,0
19.82,-6356,-322,2300,-10464,-1632,-5568,846,-1285,1010,0
19.84,-5868,-389,2058,-11840,-6144,-8000,-1104,-1555,42,0
19.86,-4390,-543,1732,-11824,-8048,-10336,1176,1926,-1264,0
19.88,-2670,-218,919,-11824,-16720,-10032,-1610,-870,-418,0
19.9,-1229,161,-15,-9264,-15344,-8048,817,647,-60,0
19.92,236,-197,-263,-7718,-4475,-4358,420,-788,-1051,0
19.94,1752,-188,-370,-4368,8368,3392,1183,-752,-1477,0
19.96,195,229,-513,-9952,1760,6560,-780,916,2046,0
19.98,-1412,488,-144,-6128,480,5280,1551,1953,-574,0
20,-1421,569,-4,-7968,-5328,-1040,1585,-1818,-16,0
20.02,-422,337,2,-10576,-480,-1312,1686,1349,8,0
20.04,-462,349,-36,-8640,-576,208,1845,1397,-144,0
20.06,-440,350,-1,-7632,-1168,1216,1758,1400,-3,0
20.08,-518,367,-10,-8928,-640,-256,-2024,1470,-39,0
20.1,-46,325,-129,-8472,-704,295,182,1301,-514,0
20.12,-26,338,-168,-7680,-640,528,102,1355,-671,0
20.14,-193,337,-195,-8256,-640,256,772,1351,-779,0
20.16,-174,319,-270,-8400,-656,-480,694,1277,-1080,0
20.18,-141,258,-293,-8160,-1257,-81,562,1034,-1171,0
20.2,-204,220,-288,-8400,-928,48,814,882,-1152,0
